firm_tic,date,ir,uid,event_type,activity_type,tic,comp_name,naics_code,aabret,investments,
WAT,2010-01-25,0.11,82651-25JAN2010,Product Launch ,Commercialization,A,AGILENT TECHNOLOGIES INC,334516,-0.004144668,-1174,
WAT,2010-01-25,0.11,82651-25JAN2010,Product Launch ,Commercialization,BRKR,BRUKER CORP,334516,0.020563119,-299,
OCLR,2010-01-25,0.11,90354-25JAN2010,Product Launch ,Commercialization,EMKR,EMCORE CORP,334413,-0.014999042,-0.316,
WAT,2010-01-25,0.11,82651-25JAN2010,Product Launch ,Commercialization,HBIO,HARVARD BIOSCIENCE INC,334516,-0.004275931,-8.346,
WAT,2010-01-25,0.11,82651-25JAN2010,Product Launch ,Commercialization,ILMN,ILLUMINA INC,334516,0.022106177,-285.053,
WAT,2010-01-25,0.11,82651-25JAN2010,Product Launch ,Commercialization,LAB,STANDARD BIOTOOLS INC,334516,0.01789271,-1.333,
WAT,2010-01-25,0.11,82651-25JAN2010,Product Launch ,Commercialization,MTD,METTLER-TOLEDO INTL INC,334516,0.001295257,-77.015,
OCLR,2010-01-25,0.11,90354-25JAN2010,Product Launch ,Commercialization,POWI,POWER INTEGRATIONS INC,334413,0.006657556,-46.545,
WAT,2010-01-25,0.11,82651-25JAN2010,Product Launch ,Commercialization,QGEN,QIAGEN NV,334516,0.004364346,-215.511,
OCLR,2010-01-25,0.11,90354-25JAN2010,Product Launch ,Commercialization,STM,STMICROELECTRONICS NV,334413,0.008409258,-526,
OCLR,2010-01-25,0.11,90354-25JAN2010,Product Launch ,Commercialization,TSEM,TOWER SEMICONDUCTOR LTD,334413,-0.005075217,-204.117,
AAPL,2010-01-27,0.11,14593-27JAN2010,Product Launch ,Commercialization,CLRO,CLEARONE INC,334220,0.003302996,-0.449,
AAPL,2010-01-27,0.11,14593-27JAN2010,Product Launch ,Commercialization,CRNT,CERAGON NETWORKS LTD,334220,-0.011773073,5.148,
OCLR,2010-01-27,0.11,90354-27JAN2010,Product Launch ,Commercialization,EMKR,EMCORE CORP,334413,0.003464262,-0.316,
AAPL,2010-01-27,0.11,14593-27JAN2010,Product Launch ,Commercialization,NOK,NOKIA OYJ,334220,0.043331141,-3212.425,
OCLR,2010-01-27,0.11,90354-27JAN2010,Product Launch ,Commercialization,POWI,POWER INTEGRATIONS INC,334413,0.000620927,-46.545,
OCLR,2010-01-27,0.11,90354-27JAN2010,Product Launch ,Commercialization,STM,STMICROELECTRONICS NV,334413,-0.000749802,-526,
OCLR,2010-01-27,0.11,90354-27JAN2010,Product Launch ,Commercialization,TSEM,TOWER SEMICONDUCTOR LTD,334413,0.001897934,-204.117,
AAPL,2010-01-27,0.11,14593-27JAN2010,Product Launch ,Commercialization,WGNR,WEGENER CORP,334220,0.005935999,-0.895,
PMTC,2010-02-08,0.13,75912-08FEB2010,Acquisition,Developmental,ACN,ACCENTURE PLC,541611,0.00040342,-273.765,
PMTC,2010-02-08,0.13,75912-08FEB2010,Acquisition,Developmental,HCKT,HACKETT GROUP INC,541611,-0.002982865,-3.616,
PMTC,2010-02-08,0.13,75912-08FEB2010,Acquisition,Developmental,HURN,HURON CONSULTING GROUP INC,541611,0.004994722,-87.817,
INFA,2010-02-09,0.13,86830-09FEB2010,Preaanouncement,Initiation ,ACIW,ACI WORLDWIDE INC,518210,0.012247601,-19.349,
INFA,2010-02-09,0.13,86830-09FEB2010,Preaanouncement,Initiation ,ADBE,ADOBE INC,518210,-0.016740922,-1159.294,
INFA,2010-02-09,0.13,86830-09FEB2010,Preaanouncement,Initiation ,ASUR,ASURE SOFTWARE INC,518210,0.006018997,-0.141,
INFA,2010-02-09,0.13,86830-09FEB2010,Preaanouncement,Initiation ,ROP,ROPER TECHNOLOGIES INC,518210,-0.001547916,-563.274,
MOVE,2010-06-17,0.18,87165-17JUN2010,Product Launch ,Commercialization,AMD,ADVANCED MICRO DEVICES,334413,-0.011782515,-1123,
MOVE,2010-06-17,0.18,87165-17JUN2010,Product Launch ,Commercialization,CRUS,CIRRUS LOGIC INC,334413,-0.000436544,-74.249,
MOVE,2010-06-17,0.18,87165-17JUN2010,Product Launch ,Commercialization,LSCC,LATTICE SEMICONDUCTOR CORP,334413,-0.023241102,-64.394,
MOVE,2010-06-17,0.18,87165-17JUN2010,Product Launch ,Commercialization,PLAB,PHOTRONICS INC,334413,-0.005766001,-58.212,
BCS,2010-07-15,0.18,69761-15JUL2010,Preannouncement ,Initiation ,CHCO,CITY HOLDING CO,522110,0.008797439,-26.589,
BCS,2010-07-15,0.18,69761-15JUL2010,Preannouncement ,Initiation ,FULT,FULTON FINANCIAL CORP,522110,-0.005042246,145.949,
BCS,2010-07-15,0.18,69761-15JUL2010,Preannouncement ,Initiation ,SAN,BANCO SANTANDER SA,522110,-0.009786765,-3496.102,
BCS,2010-07-15,0.18,69761-15JUL2010,Preannouncement ,Initiation ,SNV,SYNOVUS FINANCIAL CORP,522110,0.002494385,788.119,
MSFT,2010-08-17,0.19,10107-17AUG2010,Preaanouncement,Initiation ,CDNS,CADENCE DESIGN SYSTEMS INC,513210,0.004856476,-285.112,
MSFT,2010-08-17,0.19,10107-17AUG2010,Preaanouncement,Initiation ,DJCO,DAILY JOURNAL CORP,513210,0.006778092,-7.134,
CPHD,2010-09-02,0.19,88331-02SEP2010,Product Launch ,Commercialization,A,AGILENT TECHNOLOGIES INC,334516,-0.006410524,-1174,
CPHD,2010-09-02,0.19,88331-02SEP2010,Product Launch ,Commercialization,BRKR,BRUKER CORP,334516,0.010666708,-299,
CPHD,2010-09-02,0.19,88331-02SEP2010,Product Launch ,Commercialization,HBIO,HARVARD BIOSCIENCE INC,334516,-0.00207412,-8.346,
CPHD,2010-09-02,0.19,88331-02SEP2010,Product Launch ,Commercialization,ILMN,ILLUMINA INC,334516,-0.001293421,-285.053,
CPHD,2010-09-02,0.19,88331-02SEP2010,Product Launch ,Commercialization,LAB,STANDARD BIOTOOLS INC,334516,-0.001465093,-1.333,
CPHD,2010-09-02,0.19,88331-02SEP2010,Product Launch ,Commercialization,MTD,METTLER-TOLEDO INTL INC,334516,-0.010371795,-77.015,
CPHD,2010-09-02,0.19,88331-02SEP2010,Product Launch ,Commercialization,QGEN,QIAGEN NV,334516,0.001440508,-215.511,
CPHD,2010-09-02,0.19,88331-02SEP2010,Product Launch ,Commercialization,WAT,WATERS CORP,334516,-0.005199962,-411.515,
RDWR,2010-09-27,0.19,87251-27SEP2010,Product Launch ,Commercialization,CSCO,CISCO SYSTEMS INC,334118,-0.002084462,-11931,
RDWR,2010-09-27,0.19,87251-27SEP2010,Product Launch ,Commercialization,CSCO,CISCO SYSTEMS INC,334118,0.000589572,-11931,
RDWR,2010-09-27,0.19,87251-27SEP2010,Product Launch ,Commercialization,HAUP,HAUPPAUGE DIGITAL INC,334118,-0.040120456,-0.574,
RDWR,2010-09-27,0.19,87251-27SEP2010,Product Launch ,Commercialization,SILC,SILICOM LTD,334118,0.009479869,-4.091,
RDWR,2010-09-27,0.19,87251-27SEP2010,Product Launch ,Commercialization,SSYS,STRATASYS LTD,334118,0.003173137,-49.294,
RDWR,2010-09-27,0.19,87251-27SEP2010,Product Launch ,Commercialization,TACT,TRANSACT TECHNOLOGIES INC,334118,0.009814627,-1.097,
RDWR,2010-09-27,0.19,87251-27SEP2010,Product Launch ,Commercialization,ZBRA,ZEBRA TECHNOLOGIES CP  -CL A,334118,0.009481083,-39.616,
SAI,2010-11-01,0.19,91547-01NOV2010,Product Launch ,Commercialization,ACIW,ACI WORLDWIDE INC,518210,-0.010111627,-19.349,
SAI,2010-11-01,0.19,91547-01NOV2010,Product Launch ,Commercialization,ADBE,ADOBE INC,518210,-0.00158102,-1159.294,
SAI,2010-11-01,0.19,91547-01NOV2010,Product Launch ,Commercialization,ASUR,ASURE SOFTWARE INC,518210,-0.032382085,-0.141,
SAI,2010-11-01,0.19,91547-01NOV2010,Product Launch ,Commercialization,ROP,ROPER TECHNOLOGIES INC,518210,-0.000323905,-563.274,
OTEX,2011-01-18,0.17,82833-18JAN2011,Product Launch ,Commercialization,ADBE,ADOBE INC,518210,-0.008044095,-757.402,
KEM,2011-02-14,0.16,78001-14FEB2015,Product Launch ,Commercialization,FVD,FIRST TR VALUE LINE DIV FD,525910,0.003800858,0,
KEM,2011-02-14,0.16,78001-14FEB2011,Product Launch ,Commercialization,MDIV,FIRST TR ETF IV MULTI ASSET,525910,0.001505028,0,
KEM,2011-02-14,0.16,78001-14FEB2013,Product Launch ,Commercialization,MDYG,SPDR S&P 400 MID CAP GRW ETF,525910,-0.000893662,0,
KEM,2011-02-15,0.16,78001-14FEB2012,Product Launch ,Commercialization,BBH,VANECK BIOTECH ETF,525910,0.003250918,1562.07,
KEM,2011-02-17,0.16,78001-14FEB2014,Product Launch ,Commercialization,DBC,INVS DB COMDTY IDX TRACKING,525910,8.45E-05,0,
HMC,2011-03-18,0.14,59555-18MAR2014,Preaanouncement,Initiation ,TM,TOYOTA MOTOR CORP,336110,-0.003851693,-17506,
ANTP,2011-03-21,0.14,46907-21MAR2011,Preaanouncement,Initiation ,AVNW,AVIAT NETWORKS INC,334220,-0.026014732,-4.2,
ANTP,2011-03-21,0.14,46907-21MAR2011,Preaanouncement,Initiation ,CRNT,CERAGON NETWORKS LTD,334220,0.020501535,-28.033,
ANTP,2011-03-21,0.14,46907-21MAR2011,Preaanouncement,Initiation ,GILT,GILAT SATELLITE NETWORKS LTD,334220,0.026361262,-7.965,
ANTP,2011-03-21,0.14,46907-21MAR2011,Preaanouncement,Initiation ,NOK,NOKIA OYJ,334220,0.004731692,1944.653,
ANTP,2011-03-21,0.14,46907-21MAR2011,Preaanouncement,Initiation ,UTSI,UTSTARCOM HOLDINGS CORP,334220,-0.016934727,-10.761,
TRW,2011-04-14,0.1,90052-14APR2011,Preannouncement ,Initiation ,TM,TOYOTA MOTOR CORP,336110,-0.002796793,-17506,
GM,2011-05-09,0.09,12369-09MAY2011,Preannouncement ,Initiation ,TM,TOYOTA MOTOR CORP,336110,0.017997481,-17506,
MSFT,2011-05-10,0.09,10107-10MAY2011,Acquisition,Developmental,CDNS,CADENCE DESIGN SYSTEMS INC,513210,0.015825768,-56.497,
MSFT,2011-05-10,0.09,10107-10MAY2011,Acquisition,Developmental,DJCO,DAILY JOURNAL CORP,513210,-0.00410736,-10.874,
VRX,2011-07-19,0.07,80307-19JUL2011,Preannouncement ,Initiation ,BKD,BROOKDALE SENIOR LIVING INC,621111,-0.002825737,-203.899,
VRX,2011-07-19,0.07,80307-19JUL2011,Preannouncement ,Initiation ,MD,PEDIATRIX MEDICAL GROUP INC,621111,-0.007437389,-190.573,
STXS,2012-02-08,0.1,90325-08FEB2012,Expansion,Developmental,EDAP,EDAP TMS SA  -ADR,334510,-0.0138472,0.308,
STXS,2012-02-08,0.1,90325-08FEB2012,Expansion,Developmental,EMITF,ELBIT IMAGING LTD,334510,0.012196172,495.566,
EMC,2012-03-08,0.13,83291-08MAR2012,Product Launch ,Commercialization,CQQQ,INVS ETF TR II - CHINA TECH,525910,0.001561654,-589.2,
EMC,2012-03-08,0.13,83291-08MAR2012,Product Launch ,Commercialization,IJJ,ISHARES S&P MID-CAP 400 VAL,525910,0.000114997,0,
EMC,2012-03-08,0.13,83291-08MAR2012,Product Launch ,Commercialization,PSK,SPDR WELLS FARGO PFD STK ETF,525910,-0.002793493,0,
ELNK,2012-03-08,0.13,83291-08MAR2012,Product Launch ,Commercialization,TCX,TUCOWS INC,519130,-0.003067278,-0.488,
EMC,2012-03-08,0.13,83291-08MAR2012,Product Launch ,Commercialization,VCR,VANGUARD CONSUMER DISCRT ETF,525910,0.001165353,0,
ERIC,2012-05-09,0.16,33452-09MAY2012,Product Launch ,Commercialization,CLRO,CLEARONE INC,334220,-0.016131901,-5.206,
ERIC,2012-05-09,0.16,33452-09MAY2012,Product Launch ,Commercialization,NOK,NOKIA OYJ,334220,0.044699795,741.053,
MSFT,2012-07-01,0.16,10107-01JUL2012,Product Launch ,Commercialization,CDNS,CADENCE DESIGN SYSTEMS INC,513210,-0.002923614,-201.24,
MSFT,2012-07-01,0.16,10107-01JUL2012,Product Launch ,Commercialization,DJCO,DAILY JOURNAL CORP,513210,-0.014580107,-9.032,
MSFT,2012-07-01,0.16,10107-01JUL2012,Product Launch ,Commercialization,MITK,MITEK SYSTEMS INC,513210,0.002020779,2.108,
MU,2012-07-02,0.16,53613-02JUL2012,Acquisition,Expansion,KOPN,KOPIN CORP,334413,-0.007468881,-15.931,
MU,2012-07-02,0.16,53613-02JUL2012,Acquisition,Expansion,NVEC,NVE CORP,334413,0.001736093,-11.84,
MU,2012-07-02,0.16,53613-02JUL2012,Acquisition,Expansion,QCOM,QUALCOMM INC,334413,0.002279315,-6877,
LQDT,2012-07-08,0.16,91095-08JUL2012,Acquisition,Expansion,CONN,CONN'S INC,449210,-0.008033967,-9.471,
LQDT,2012-07-08,0.16,91095-08JUL2012,Acquisition,Expansion,GME,GAMESTOP CORP,449210,-0.009611952,-152.7,
LQDT,2012-07-08,0.16,91095-08JUL2012,Acquisition,Expansion,LIVE,LIVE VENTURES INC,449210,-0.090964104,-0.531,
TRNS,2012-07-16,0.16,76946-16JUL2012,Acquisition,Expansion,BECN,BEACON ROOFING SUPPLY INC,541380,-0.003133858,-157.035,
TRNS,2012-07-16,0.16,76946-16JUL2012,Acquisition,Expansion,DXPE,DXP ENTERPRISES INC,541380,0.016020577,-159.094,
TRNS,2012-07-16,0.16,76946-16JUL2012,Acquisition,Expansion,TITN,TITAN COMPANY LTD,541380,-0.03187758,-64.112,
EQIX,2012-07-24,0.16,89617-24JUL2012,Acquisition,Developmental,ELS,EQUITY LIFESTYLE PPTYS INC,531190,-0.006689968,-86.565,
EQIX,2012-07-24,0.16,89617-24JUL2012,Acquisition,Developmental,LTC,LTC PROPERTIES INC,531190,-0.003773627,-158.515,
EQIX,2012-07-24,0.16,89617-24JUL2012,Acquisition,Developmental,OHI,OMEGA HEALTHCARE INVS INC,531190,0.001557653,-390.703,
NOK,2012-08-03,0.13,87128-03AUG2012,Product Launch ,Commercialization,CLRO,CLEARONE INC,334220,-0.005173759,-5.206,
NOK,2012-08-03,0.13,87128-03AUG2012,Product Launch ,Commercialization,NOK,NOKIA OYJ,334220,-0.005964575,741.053,
SNPS,2012-08-04,0.13,77357-04AUG2012,Acquisition,Developmental,ANSS,ANSYS INC,511210,-0.005788474,-68.956,
SNPS,2012-08-04,0.13,77357-04AUG2012,Acquisition,Developmental,MSTR,MICROSTRATEGY INC,511210,0.013700826,-35.833,
SNPS,2012-08-04,0.13,77357-04AUG2012,Acquisition,Developmental,PDFS,PDF SOLUTIONS INC,511210,0.022629502,-1.359,
ASTI,2012-08-15,0.13,91428-15AUG2012,Preaanouncement,Initiation ,KOPN,KOPIN CORP,334413,0.002204376,-15.931,
ASTI,2012-08-15,0.13,91428-15AUG2012,Preaanouncement,Initiation ,NVEC,NVE CORP,334413,0.004480844,-11.84,
ASTI,2012-08-15,0.13,91428-15AUG2015,Preaanouncement,Initiation ,QCOM,QUALCOMM INC,334413,0.002170145,-6877,
QCOM,2012-08-23,0.13,77178-23AUG2012,Acquisition,Developmental,KOPN,KOPIN CORP,334413,-0.000542701,-15.931,
QCOM,2012-08-23,0.13,77178-23AUG2012,Acquisition,Developmental,NVEC,NVE CORP,334413,0.002754751,-11.84,
MMM,2012-09-05,0.14,22592-05SEP2012,Acquisition,Developmental,IEP,ICAHN ENTERPRISES LP,999977,0.001896582,-2279,
MMM,2012-09-05,0.14,22592-05SEP2012,Acquisition,Developmental,SPLP,STEEL PARTNERS HOLDINGS LP,999977,-0.000735666,54.231,
SNPS,2012-11-14,0.16,77357-14NOV2012,Product Launch ,Commercialization,ANSS,ANSYS INC,511210,0.002182354,-68.956,
SNPS,2012-11-14,0.16,77357-14NOV2012,Product Launch ,Commercialization,MSTR,MICROSTRATEGY INC,511210,-0.026536701,-35.833,
SNPS,2012-11-14,0.16,77357-14NOV2012,Product Launch ,Commercialization,PDFS,PDF SOLUTIONS INC,511210,-0.003892815,-1.359,
IDCC,2013-01-02,0.14,45306-02JAN2013,Alliance,Developmental,BPT,BP PRUDHOE BAY ROYALTY TRUST,533110,0.032114036,-22.76,
IDCC,2013-01-02,0.14,45306-02JAN2013,Alliance,Developmental,CKX,CKX LANDS INC,533110,0.00471672,-1.938,
AFSI,2013-01-02,0.14,91603-02JAN2013,Acquisition,Developmental,MBI,MBIA INC,524126,0.008470511,-6,
AFSI,2013-01-02,0.14,91603-02JAN2013,Acquisition,Developmental,MKL,MARKEL GROUP INC,524126,0.00481434,187.387,
KEM,2013-01-02,0.14,78001-02JAN2013,Acquisition,Developmental,PFXF,VANECK PREF SEC EX FINL ETF,525910,-0.000366426,0,
AFSI,2013-01-02,0.14,91603-02JAN2013,Acquisition,Developmental,PGR,PROGRESSIVE CORP-OHIO,524126,0.004390549,-1356.5,
AFSI,2013-01-02,0.14,91603-02JAN2013,Acquisition,Developmental,RLI,RLI CORP,524126,-0.003481716,-101.932,
KEM,2013-01-02,0.14,78001-02JAN2013,Acquisition,Developmental,SPFF,GLOBAL X SUPERINCM PFD ETF,525910,-0.001250953,0,
UFPI,2013-01-02,0.14,79878-02JAN2013,Acquisition,Developmental,SSD,SIMPSON MANUFACTURING CO INC,321912,-0.001203665,-17.335,
KEM,2013-01-02,0.14,78001-02JAN2013,Acquisition,Developmental,TDIV,FIRST TR ETF IV NASDAQ TECH,525910,-0.002702547,0,
KEM,2013-01-02,0.14,78001-02JAN2013,Acquisition,Developmental,VEGA,ADVISORSHARES STAR GLB BYWRT,525910,0.000145965,0,
AFSI,2013-01-02,0.14,91603-02JAN2013,Acquisition,Developmental,WRB,BERKLEY (W R) CORP,524126,0.001742045,-545.364,
KEM,2013-01-04,0.14,78001-02JAN2015,Acquisition,Developmental,DWAS,INVESCO DORSEY WRI SM MO ETF,525910,0.000298186,-186,
AAPL,2013-01-14,0.14,14593-14JAN2013,Preannouncement ,Initiation ,CLRO,CLEARONE INC,334220,0.161128229,-26.542,
AAPL,2013-01-14,0.14,14593-14JAN2013,Preannouncement ,Initiation ,NOK,NOKIA OYJ,334220,-0.008860101,-952.129,
CVLT,2013-01-16,0.14,91463-16JAN2013,Expansion,Developmental,ADBE,ADOBE INC,518210,0.007166986,-1177.803,
CVLT,2013-01-29,0.14,91463-29JAN2013,Expansion,Developmental,ADBE,ADOBE INC,518210,-0.004272406,-1177.803,
SAP,2013-02-14,0.15,89382-14FEB2013,Product Launch ,Developmental,CDNS,CADENCE DESIGN SYSTEMS INC,513210,0.016964208,-426.895,
SAP,2013-02-14,0.15,89382-14FEB2013,Product Launch ,Developmental,DJCO,DAILY JOURNAL CORP,513210,0.014119405,-24.812,
SAP,2013-02-14,0.15,89382-14FEB2013,Product Launch ,Developmental,MSFT,MICROSOFT CORP,513210,0.00828788,-23811,
AAPL,2013-04-16,0.15,14593-16APR2013,Expansion,Developmental,CLRO,CLEARONE INC,334220,-0.005729052,-26.542,
AAPL,2013-04-16,0.15,14593-16APR2013,Expansion,Developmental,NOK,NOKIA OYJ,334220,0.018608054,-952.129,
INTU,2013-04-30,0.15,78975-30APR2013,Product Launch ,Commercialization,CDNS,CADENCE DESIGN SYSTEMS INC,513210,0.012332578,-426.895,
INTU,2013-04-30,0.15,78975-30APR2013,Product Launch ,Commercialization,DJCO,DAILY JOURNAL CORP,513210,-0.008366969,-24.812,
INTU,2013-04-30,0.15,78975-30APR2013,Product Launch ,Commercialization,MSFT,MICROSOFT CORP,513210,0.003493413,-23811,
ACT,2013-05-05,0.11,78916-05MAY2014,Alliance,Developmental,MBI,MBIA INC,524126,0.158489494,-6,
ACT,2013-05-05,0.11,78916-05MAY2014,Alliance,Developmental,MKL,MARKEL GROUP INC,524126,-0.004711294,187.387,
ACT,2013-05-05,0.11,78916-05MAY2014,Alliance,Developmental,PGR,PROGRESSIVE CORP-OHIO,524126,-0.004874903,-1356.5,
ACT,2013-05-05,0.11,78916-05MAY2014,Alliance,Developmental,RLI,RLI CORP,524126,0.00602687,-101.932,
ACT,2013-05-05,0.11,78916-05MAY2014,Alliance,Developmental,WRB,BERKLEY (W R) CORP,524126,-0.003863761,-545.364,
FDS,2013-06-26,0.09,83597-26JUN2013,Alliance,Developmental,MODN,MODEL N INC,519290,-0.000542405,-5.14,
FDS,2013-06-26,0.09,83597-26JUN2013,Alliance,Developmental,TRI,THOMSON-REUTERS CORP,519290,0.001648248,-1622,
NYX,2013-06-27,0.09,91143-27JUN2013,Preaanouncement,Expansion,CDNS,CADENCE DESIGN SYSTEMS INC,513210,-0.000281127,-426.895,
NYX,2013-06-27,0.09,91143-27JUN2013,Preaanouncement,Expansion,DJCO,DAILY JOURNAL CORP,513210,0.002534498,-24.812,
NYX,2013-06-27,0.09,91143-27JUN2013,Preaanouncement,Expansion,MSFT,MICROSOFT CORP,513210,0.002694433,-23811,
ALNY,2013-08-28,0.08,90178-28AUG2013,Acquisition,Initiation ,RGLS,REGULUS THERAPEUTICS INC,325414,0.003838651,-40.889,
AAPL,2013-09-10,0.08,14593-10SEP2013,Preannouncement ,Initiation ,CLRO,CLEARONE INC,334220,0.004698463,-26.542,
AAPL,2013-09-10,0.08,14593-10SEP2013,Preannouncement ,Initiation ,NOK,NOKIA OYJ,334220,0.001146652,-952.129,
TRN,2013-12-28,0.09,55001-28DEC2013,Alliance ,Developmental,GBX,GREENBRIER COS INC (THE),336510,-0.005561837,6.159,
TRN,2013-12-28,0.09,55001-28DEC2013,Alliance ,Developmental,RAIL,FREIGHTCAR AMERICA INC,336510,0.002440667,-0.619,
TRN,2013-12-28,0.09,55001-28DEC2013,Alliance ,Developmental,WAB,WABTEC CORP,336510,-0.001405468,-545.364,
APTS,2014-01-02,0.07,12668-02JAN2014,Product Launch ,Commercialization,AMH,AMERICAN HOMES 4 RENT,531110,0.008588505,-1900.752,
MSCC,2014-01-02,0.07,53640-02JAN2014,Acquisition,Expansion,CDNS,CADENCE DESIGN SYSTEMS INC,513210,-0.00366731,-198.015,
CHMT,2014-01-02,0.07,38420-02JAN2014,Preaanouncement,Initiation ,CE,CELANESE CORP,325199,-0.00271056,-705,
APTS,2014-01-02,0.07,12668-02JAN2014,Product Launch ,Commercialization,CPT,CAMDEN PROPERTY TRUST,531110,0.003134346,-325.886,
CHMT,2014-01-02,0.07,38420-02JAN2014,Preaanouncement,Initiation ,FF,FUTUREFUEL CORP,325199,0.001424681,6.708,
DDD,2014-01-02,0.07,78664-02JAN2014,Product Launch ,Commercialization,FTEK,FUEL TECH INC,333248,0.02082232,-13.897,
APTS,2014-01-02,0.07,12668-02JAN2014,Product Launch ,Commercialization,IRT,INDEPENDENCE REALTY TRUST,531110,0.005308129,-307.337,
DDD,2014-01-02,0.07,78664-02JAN2014,Product Launch ,Commercialization,IVAC,INTEVAC INC,333248,0.016325446,10.05,
MSCC,2014-01-02,0.07,53640-02JAN2014,Acquisition,Expansion,MITK,MITEK SYSTEMS INC,513210,0.035700214,-13.111,
APTS,2014-01-02,0.07,12668-02JAN2014,Product Launch ,Commercialization,NEN,NEW ENGLAND REALTY ASSC  -LP,531110,0.012546391,-2.54,
DDD,2014-01-02,0.07,78664-02JAN2014,Product Launch ,Commercialization,OMCL,OMNICELL INC,333248,0.001255099,-43.325,
CAT,2014-01-03,0.07,18542-03JAN2014,Product Launch ,Commercialization,ASTE,ASTEC INDUSTRIES INC,333120,-0.015537437,-42.824,
REGI,2014-01-03,0.07,13201-03JAN2014,Acquisition,Initiation ,BIOF,BLUE BIOFUELS INC,324199,0.028095436,-0.389,
CAT,2014-01-03,0.07,18542-03JAN2014,Product Launch ,Commercialization,PLOW,DOUGLAS DYNAMICS INC,333120,-0.005765261,-90.929,
REGI,2014-01-03,0.07,13201-03JAN2014,Acquisition,Initiation ,SXC,SUNCOKE ENERGY INC,324199,-0.016715394,-125.2,
APTS,2014-01-04,0.07,12668-02JAN2014,Preannouncement ,Initiation ,VTR,VENTAS INC,531110,0.009601425,-2055.04,
A,2014-01-30,0.07,87432-30JAN2014,Product Launch ,Developmental,BRKR,BRUKER CORP,334516,0.002281456,-201.9,
A,2014-01-30,0.07,87432-30JAN2014,Product Launch ,Developmental,ILMN,ILLUMINA INC,334516,0.016748001,-406.624,
A,2014-01-30,0.07,87432-30JAN2014,Product Launch ,Developmental,MTD,METTLER-TOLEDO INTL INC,334516,0.003552259,-94.444,
A,2014-01-30,0.07,87432-30JAN2014,Product Launch ,Developmental,QGEN,QIAGEN NV,334516,-0.000835009,-407.601,
A,2014-01-30,0.07,87432-30JAN2014,Product Launch ,Developmental,WAT,WATERS CORP,334516,0.004921167,-402.03,
CI,2014-01-31,0.07,64186-31JAN2014,Preannouncement ,Initiation ,AAME,ATLANTIC AMERICAN CORP,524114,-0.002474349,-9.606,
CI,2014-01-31,0.07,64186-31JAN2014,Preannouncement ,Initiation ,CNO,CNO FINANCIAL GROUP INC,524114,0.002233182,56.3,
CI,2014-01-31,0.07,64186-31JAN2014,Preannouncement ,Initiation ,UNM,UNUM GROUP,524114,-0.003536557,-886.6,
CG,2014-02-06,0.07,13405-06FEB2014,Preannouncement ,Initiation ,VRTS,VIRTUS INVESTMENT PTNRS INC,523920,-0.009114479,-8.181,
CG,2014-02-06,0.07,13405-06FEB2014,Preannouncement ,Initiation ,VRTS,VIRTUS INVESTMENT PTNRS INC,523920,-0.005242411,-8.181,
FIBK,2014-02-10,0.07,93304-10FEB2014,Acquisition,Initiation ,BCS,BARCLAYS PLC,522110,-0.015390186,16598.359,
FIBK,2014-02-10,0.07,93304-10FEB2014,Acquisition,Initiation ,SAN,BANCO SANTANDER SA,522110,-0.004764101,-7266.651,
FIBK,2014-02-10,0.07,93304-10FEB2014,Acquisition,Initiation ,SNV,SYNOVUS FINANCIAL CORP,522110,-0.003916352,-1166.774,
FIBK,2014-02-10,0.07,93304-10FEB2014,Acquisition,Initiation ,WABC,WESTAMERICA BANCORPORATION,522110,0.002178939,-295.262,
ECPG,2014-02-25,0.07,87077-25FEB2014,Alliance,Expansion,GHI,GREYSTONE HOUSING IMPACT INVESTORS LP ,522298,0.004994187,-105.888,
ECPG,2014-02-25,0.07,87077-25FEB2014,Alliance,Expansion,OCN,OCWEN FINANCIAL GROUP ,522298,-0.003276393,-958.247,
ECPG,2014-02-25,0.07,87077-25FEB2014,Alliance,Expansion,PFSI,PENNYMAC FINANCIAL SERVICES INC,522298,0.003514604,6.752,
FISV,2014-03-01,0.08,10696-01MAR2014,Acquisition,Developmental,FALC,FALCONSTOR SOFTWARE INC,541512,-0.010531548,-3.176,
FISV,2014-03-01,0.08,10696-01MAR2014,Acquisition,Developmental,SAIC,SCIENCE APPLICATIONS INTL CP,541512,0.017046881,-16,
FISV,2014-03-01,0.08,10696-01MAR2014,Acquisition,Developmental,STRM,STREAMLINE HEALTH SOLUTIONS,541512,-0.033894995,-3.766,
AMCC,2014-03-10,0.08,85522-10MAR2014,Product Launch ,Commercialization,AMBA,AMBARELLA INC,334413,-0.0106266,-1.688,
BRCM,2014-03-10,0.08,85963-10MAR2014,Product Launch ,Commercialization,AMBA,AMBARELLA INC,334413,-0.012057468,-1.688,
AMCC,2014-03-10,0.08,85522-10MAR2014,Product Launch ,Commercialization,AMD,ADVANCED MICRO DEVICES,334413,0.014305293,-12,
BRCM,2014-03-10,0.08,85963-10MAR2014,Product Launch ,Commercialization,AMD,ADVANCED MICRO DEVICES,334413,0.003328797,-12,
AMCC,2014-03-10,0.08,85522-10MAR2014,Product Launch ,Commercialization,CRUS,CIRRUS LOGIC INC,334413,0.004028198,-220.349,
BRCM,2014-03-10,0.08,85963-10MAR2014,Product Launch ,Commercialization,CRUS,CIRRUS LOGIC INC,334413,0.001740374,-220.349,
EEFT,2014-03-10,0.08,84606-10MAR2014,Acquisition,Initiation ,FI,FISERV INC,522320,-0.009020157,-286,
AMCC,2014-03-10,0.08,85522-10MAR2014,Product Launch ,Commercialization,LSCC,LATTICE SEMICONDUCTOR CORP,334413,-0.00993673,-34.144,
BRCM,2014-03-10,0.08,85963-10MAR2014,Product Launch ,Commercialization,LSCC,LATTICE SEMICONDUCTOR CORP,334413,-0.009961132,-34.144,
EEFT,2014-03-10,0.08,84606-10MAR2014,Acquisition,Initiation ,MA,MASTERCARD INC,522320,0.004410912,690,
AMCC,2014-03-10,0.08,85522-10MAR2014,Product Launch ,Commercialization,MONT,MONTAGE TECHNOLOGY GROUP LTD,334413,0.00160573,-10.503,
BRCM,2014-03-10,0.08,85963-10MAR2014,Product Launch ,Commercialization,MONT,MONTAGE TECHNOLOGY GROUP LTD,334413,0.020334664,-10.503,
EEFT,2014-03-10,0.08,84606-10MAR2014,Acquisition,Initiation ,WEX,WEX INC,522320,0.000172313,-904.034,
CG,2014-03-18,0.08,45306-02JAN2014,Alliance,Developmental,GROW,U S GLOBAL INVESTORS INC,523920,0.019359973,4.05,
CG,2014-03-18,0.08,13405-18MAR2014,Product Launch ,Commercialization,GROW,U S GLOBAL INVESTORS INC,523920,0.002385609,4.05,
CG,2014-03-18,0.08,13405-18MAR2014,Product Launch ,Commercialization,KYN,KAYNE ANDERSON MLP/MD INV CO,523920,0.001109207,0,
CG,2014-03-22,0.08,13405-18MAR2014,Product Launch ,Commercialization,KYN,KAYNE ANDERSON MLP/MD INV CO,523920,0.005105466,0,
RVBD,2014-04-01,0.09,91485-01APR2014,Acquisition,Initiation ,DGII,DIGI INTERNATIONAL INC,334210,0.011906672,16.579,
PRLB,2014-04-01,0.09,13249-01APR2014,Acquisition,Initiation ,WOR,WORTHINGRON ENTERPRISES INC,333249,0.00826553,-46.194,
BA,2014-04-02,0.09,19561-02APR2014,Acquisition,Initiation ,AVAV,AEROVIRONMENT INC,336411,-0.02159288,15.58,
BLL,2014-04-05,0.09,57568-07APR2014,Acquisition,Expansion,CCK,CROWN HOLDINGS INC,326160,-0.001513632,-1021,
BLL,2014-04-05,0.09,57568-07APR2014,Acquisition,Expansion,GPK,GRAPHIC PACKAGIN HOLDING COMPANY,326160,-0.001119112,-183.2,
BLL,2014-04-05,0.09,57568-07APR2014,Acquisition,Expansion,PKG,PACKAGING CORP OF AMERICA,326160,-0.003490535,-451.1,
BLL,2014-04-05,0.09,57568-07APR2014,Acquisition,Expansion,SLGN,SILGAN HOLDINGS INC,326160,0.000440253,-156.87,
BLL,2014-04-07,0.09,57568-07APR2014,Acquisition,Expansion,AVY,AVERY DENNISON CORP,326160,0.003610508,-170.4,
RXN,2014-04-15,0.09,13305-15APR2014,Expansion,Developmental,AMSC,AMERICAN SUPERCONDUCTOR CP,335312,-0.012351177,4.009,
RXN,2014-04-15,0.09,13305-15APR2014,Product Launch ,Developmental,GNRC,GENERAC HOLDINGS INC,335312,0.004456639,-95.491,
HBMD,2014-04-24,0.09,13532-24APR2014,Acquisition,Expansion,BCS,BARCLAYS PLC,522110,0.009872945,16598.359,
HBMD,2014-04-24,0.09,13532-24APR2014,Acquisition,Expansion,SAN,BANCO SANTANDER SA,522110,-0.006619309,-7266.651,
HBMD,2014-04-24,0.09,13532-24APR2014,Acquisition,Expansion,SNV,SYNOVUS FINANCIAL CORP,522110,-0.006235274,-1166.774,
HBMD,2014-04-24,0.09,13532-24APR2014,Acquisition,Expansion,WABC,WESTAMERICA BANCORPORATION,522110,0.002821291,-295.262,
MD,2014-05-01,0.09,82272-01MAY2014,Product Launch ,Commercialization,BKD,BROOKDALE SENIOR LIVING INC,621111,0.008344532,-314.882,
INTC,2014-05-06,0.09,59328-06MAY2014,Alliance,Expansion,AMBA,AMBARELLA INC,334413,-0.045191746,-1.688,
INTC,2014-05-06,0.09,59328-06MAY2014,Alliance,Expansion,AMD,ADVANCED MICRO DEVICES,334413,-0.029133996,-12,
INTC,2014-05-06,0.09,59328-06MAY2014,Alliance,Expansion,CRUS,CIRRUS LOGIC INC,334413,0.002431799,-220.349,
INTC,2014-05-06,0.09,59328-06MAY2014,Alliance,Expansion,LSCC,LATTICE SEMICONDUCTOR CORP,334413,0.009785364,-34.144,
INTC,2014-05-06,0.09,59328-06MAY2014,Alliance,Expansion,MONT,MONTAGE TECHNOLOGY GROUP LTD,334413,0.094510106,-10.503,
AFFX,2014-05-08,0.09,83616-08MAY2014,Product Launch ,Developmental,BRKR,BRUKER CORP,334516,-0.003625361,-201.9,
PBI,2014-05-08,0.09,24459-08MAY2014,Expansion,Developmental,FDX,FEDEX CORP,492110,-5.84E-05,-3551,
AFFX,2014-05-08,0.09,83616-08MAY2014,Product Launch ,Developmental,ILMN,ILLUMINA INC,334516,0.013047325,-406.624,
AFFX,2014-05-08,0.09,83616-08MAY2014,Product Launch ,Developmental,MTD,METTLER-TOLEDO INTL INC,334516,-0.003487958,-94.444,
TEVA,2014-05-08,0.09,75652-08MAY2012,Acquisition,Expansion,NAII,NATURAL ALTERNATIVES,325412,-0.00757976,-2.472,
AFFX,2014-05-08,0.09,83616-08MAY2014,Product Launch ,Developmental,QGEN,QIAGEN NV,334516,0.008472002,-407.601,
AFFX,2014-05-08,0.09,87432-30JAN2018,Product Launch ,Developmental,WAT,WATERS CORP,334516,0.006080448,-402.03,
AYI,2014-05-15,0.09,89216-15MAY2014,Acquisition,Initiation ,OESX,ORION ENERGY SYSTEMS INC,335132,-0.020179875,-4.814,
NDAQ,2014-05-20,0.09,90601-20MAY2014,Acquisition,Initiation ,CBOE,CBOE GLOBAL MARKETS INC,523210,0.00260612,-52.138,
NDAQ,2014-05-20,0.09,90601-20MAY2014,Acquisition,Initiation ,CME,CME GROUP INC,523210,0.006121382,-199.1,
NDAQ,2014-05-20,0.09,90601-20MAY2014,Acquisition,Initiation ,MKTX,MARKETAXESS HOLDINGS INC,523210,0.004876262,-13.025,
REGI,2014-05-21,0.09,13201-21MAY2014,Product Launch ,Developmental,BIOF,BLUE BIOFUELS INC,324199,-0.044000538,-0.389,
REGI,2014-05-21,0.09,13201-21MAY2014,Product Launch ,Commercialization,SXC,SUNCOKE ENERGY INC,324199,-0.006942813,-125.2,
TEVA,2014-06-03,0.1,75652-03JUN2014,Acquisition,Initiation ,ESPR,ESPERION THERAPEUTICS INC,325412,0.001473978,-36.598,
TEVA,2014-06-03,0.1,75652-03JUN2014,Acquisition,Initiation ,EVOK,EVOKE PHARMA INC,325412,0.040563445,0,
TEVA,2014-06-03,0.1,75652-03JUN2014,Acquisition,Initiation ,ZTS,ZOETIS INC,325412,0.003126897,-187,
PEP,2014-08-02,0.09,13856-02AUG2014,Acquisition,Initiation ,KO,COCA COLA COMPANY ,31211,0.000763484,-7506,
PEP,2014-08-02,0.09,13856-02AUG2014,Acquisition,Initiation ,MNST,MONSTER BEVERAGE CORP,31211,0.005658611,-440.403,
MNGA,2014-08-07,0.09,13556-07AUG2014,Acquisition,Expansion,ABT,ABBOTT LABORATORIES,334510,-0.003269581,-202,
MNGA,2014-08-07,0.09,13556-07AUG2014,Acquisition,Expansion,CNMD,CONMED CORP,334510,-0.009585316,-20.676,
SIAL,2014-08-07,0.09,70536-07AUG2014,Product Launch ,Commercialization,CYAN,CYANOTECH CORP,325411,-0.011729702,-2.125,
MNGA,2014-08-07,0.09,13556-07AUG2014,Acquisition,Expansion,ICAD,ICAD INC,334510,-0.012602378,-4.746,
SIAL,2014-08-07,0.09,70536-07AUG2014,Product Launch ,Commercialization,PAHC,PHIBRO ANIMAL HEALTH CORP,325411,-0.000686762,-19.412,
FMI,2014-08-13,0.09,14160-13AUG2014,Acquisition,Initiation ,ENTA,ENANTA PHARMACEUTICALS INC,325414,-0.000584716,0.497,
FMI,2014-08-13,0.09,14160-13AUG2014,Acquisition,Initiation ,HRTX,HERON THERAPEUTICS INC,325414,0.006274122,-1.438,
FMI,2014-08-13,0.09,14160-13AUG2014,Acquisition,Initiation ,RGLS,REGULUS THERAPEUTICS INC,325414,0.010802115,-29.207,
ORBK,2014-08-21,0.09,78527-21AUG2014,Acquisition,Initiation ,CGNX,COGNEX CORP,334513,0.008833195,-104.097,
ORBK,2014-08-21,0.09,78527-21AUG2014,Acquisition,Initiation ,MKSI,MKS INSTRUMENTS INC,334513,-0.001490828,-24.808,
ORBK,2014-08-21,0.09,78527-21AUG2014,Acquisition,Initiation ,SMIT,SCHMITT INDUSTRIES INC/OR,334513,-0.001159266,-0.037,
TMHC,2014-08-22,0.09,93185-22AUG2014,Expansion,Developmental,GVP,GSE SYSTEMS INC,561312,-0.015389889,-7.28,
TMHC,2014-08-22,0.09,93185-22AUG2014,Expansion,Developmental,KFY,KORN FERRY,561312,-0.003205024,-25.712,
SYNA,2014-09-30,0.09,89290-30SEP2014,Acquisition,Developmental,AMBA,AMBARELLA INC,334413,-0.016192725,-1.688,
SYNA,2014-09-30,0.09,89290-30SEP2014,Acquisition,Developmental,CRUS,CIRRUS LOGIC INC,334413,0.014838648,-220.349,
SYNA,2014-09-30,0.09,89290-30SEP2014,Acquisition,Developmental,LSCC,LATTICE SEMICONDUCTOR CORP,334413,-0.006167606,-34.144,
SYNA,2014-09-30,0.09,89290-30SEP2014,Acquisition,Developmental,MONT,MONTAGE TECHNOLOGY GROUP LTD,334413,-0.025372695,-10.503,
RAX,2014-11-03,0.09,92765-03NOV2014,Acquisition,Initiation ,EVER,EVERQUOTE INC,519130,-0.001491117,-4630.2,
RAX,2014-11-03,0.09,92765-03NOV2014,Acquisition,Initiation ,TCX,TUCOWS INC,519130,0.001847574,-8.911,
OKS,2014-12-04,0.12,79660-04DEC2014,Preaanouncement,Initiation ,TRGP,TARGA RESOURCES CORP,486210,-0.027463416,-751.4,
OKS,2014-12-04,0.12,79660-04DEC2014,Preaanouncement,Initiation ,WES,WESTERN MIDSTRM PRTNRS LP,486210,-0.002950524,-2621.559,